{
  "version": "1.1.5",
  "model_type": "single",
  "n_models": 1,
  "model_created_date": "2026-01-20",
  "packaged_date": "2026-01-23T14:28:29.047641",
  "client": "QATCH (Internal Dev.)",
  "author": "QATCH Technologies",
  "notes": "Added corrected model reload adapter state dict. (No ensemble)",
  "total_model_size_mb": 1.35,
  "cryptographically_signed": true,
  "architecture": "VisQAI Standard",
  "package_contents": [
    "model/checkpoint.pt",
    "src/config.py",
    "src/data.py",
    "src/inference.py",
    "src/layers.py",
    "src/loss.py",
    "src/management.py",
    "src/models.py",
    "src/utils.py",
    "requirements.txt",
    "README.md"
  ]
}