{
  "version": "3.1.0",
  "model_type": "ensemble",
  "n_models": 1,
  "model_created_date": "2024-11-25",
  "packaged_date": "2025-11-25T13:17:10.464361",
  "client": "QATCH Technologies",
  "author": "Paul MacNichol <paul.macnichol@qatchtech.com>",
  "notes": "1 member ensemble model with learning functionality through adaptation network.",
  "total_model_size_mb": 1.84,
  "cryptographically_signed": true,
  "signature_algorithm": "RSA-PSS with SHA256",
  "python_version": "3.8+",
  "framework": "PyTorch",
  "ensemble_info": {
    "model_files": [
      "checkpoint_0.pt"
    ],
    "individual_sizes_mb": [
      1.84
    ]
  },
  "package_contents": [
    "model/checkpoint_0.pt",
    "src/core.py",
    "src/inference.py",
    "model/metadata.json",
    "requirements.txt",
    "example_usage.py",
    "README.md",
    "security/public_key.pem",
    "security/signatures.json"
  ]
}