1,2023-10-04
2,2023-10-06
3,2023-10-10
4,2023-10-11
5,2023-10-13
6,2023-10-20
7,2023-10-24
8,2023-10-26
9,2024-01-15
10,2024-02-08
11,2024-02-21
12,2024-03-01
13,2024-03-14
14,2024-05-20
15,2024-05-28
16,2024-06-20
17,2024-06-28
18,2024-07-26
19,2024-07-31
20,2024-08-01
21,2024-08-23
22,2024-09-09
23,2024-09-23
24,2024-10-07
25,2024-11-01
26,2024-12-04
27,2025-02-14
28,2025-02-21
29,2025-03-17
30,2025-04-23
31,2025-04-30
32,2025-07-02
33,2025-08-02
34,2025-08-19
35,2025-08-21
36,2025-10-06
37,2025-10-22
38,2025-10-29
39,2025-11-05
40,2026-01-08
41,2026-01-21
